subject,roi,cluster_id,birth_target,death_target,match_index_fullripser,birth_match,death_match,Linf_match_error,match_tol,within_tol,eps_exported,cocycle_file,vr_edges_file,coeff_mod_p,shift_added,maxdist_full
1,LO2,1,6.770277561901285,10.549387846061652,8389,6.727654933929443,10.591371536254883,0.042622627971841354,0.4970630938014713,True,8.659513235092163,D:\Emily\NSD_cogsci_sandbox\COGS401\COSYNE\RDMs_Final\PH_VR_ripser\bootstrap_results\subj01\ROI-LO2\cocycle_cluster1_match8389.csv,D:\Emily\NSD_cogsci_sandbox\COGS401\COSYNE\RDMs_Final\PH_VR_ripser\bootstrap_results\subj01\ROI-LO2\vr_edges_cluster1_eps8.65951.csv,2,13.042715043829514,24.853154690073563
1,LO2,3,7.108683180142116,11.019014671965913,8377,7.10870885848999,10.975504875183105,0.043509796782807086,0.4970630938014713,True,9.042106866836548,D:\Emily\NSD_cogsci_sandbox\COGS401\COSYNE\RDMs_Final\PH_VR_ripser\bootstrap_results\subj01\ROI-LO2\cocycle_cluster3_match8377.csv,D:\Emily\NSD_cogsci_sandbox\COGS401\COSYNE\RDMs_Final\PH_VR_ripser\bootstrap_results\subj01\ROI-LO2\vr_edges_cluster3_eps9.04211.csv,2,13.042715043829514,24.853154690073563
1,LO2,2,7.634336902901477,11.468572043698584,8342,7.742607593536377,11.467460632324219,0.10827069063489958,0.4970630938014713,True,9.605034112930298,D:\Emily\NSD_cogsci_sandbox\COGS401\COSYNE\RDMs_Final\PH_VR_ripser\bootstrap_results\subj01\ROI-LO2\cocycle_cluster2_match8342.csv,D:\Emily\NSD_cogsci_sandbox\COGS401\COSYNE\RDMs_Final\PH_VR_ripser\bootstrap_results\subj01\ROI-LO2\vr_edges_cluster2_eps9.60503.csv,2,13.042715043829514,24.853154690073563
1,MT,1,3.123348992057825,9.684469885780016,17935,3.0519065856933594,9.756021499633789,0.07155161385377262,0.5526119721135822,True,6.403964042663574,D:\Emily\NSD_cogsci_sandbox\COGS401\COSYNE\RDMs_Final\PH_VR_ripser\bootstrap_results\subj01\ROI-MT\cocycle_cluster1_match17935.csv,D:\Emily\NSD_cogsci_sandbox\COGS401\COSYNE\RDMs_Final\PH_VR_ripser\bootstrap_results\subj01\ROI-MT\vr_edges_cluster1_eps6.40396.csv,2,12.183359504746033,27.630598605679108
1,MT,2,3.624455619089812,9.703448069674298,17923,3.6670243740081787,9.727429389953613,0.04256875491836665,0.5526119721135822,True,6.697226881980896,D:\Emily\NSD_cogsci_sandbox\COGS401\COSYNE\RDMs_Final\PH_VR_ripser\bootstrap_results\subj01\ROI-MT\cocycle_cluster2_match17923.csv,D:\Emily\NSD_cogsci_sandbox\COGS401\COSYNE\RDMs_Final\PH_VR_ripser\bootstrap_results\subj01\ROI-MT\vr_edges_cluster2_eps6.69723.csv,2,12.183359504746033,27.630598605679108
1,PH,0,2.204220539111929,8.08697598851774,12695,2.1250689029693604,8.151084899902344,0.07915163614256882,0.4230277443132129,True,5.138076901435852,D:\Emily\NSD_cogsci_sandbox\COGS401\COSYNE\RDMs_Final\PH_VR_ripser\bootstrap_results\subj01\ROI-PH\cocycle_cluster0_match12695.csv,D:\Emily\NSD_cogsci_sandbox\COGS401\COSYNE\RDMs_Final\PH_VR_ripser\bootstrap_results\subj01\ROI-PH\vr_edges_cluster0_eps5.13808.csv,2,10.29743778805597,21.151387215660645
1,PH,1,2.609753211519935,8.06085503318093,12686,2.4791433811187744,8.095283508300781,0.13060983040116048,0.4230277443132129,True,5.287213444709778,D:\Emily\NSD_cogsci_sandbox\COGS401\COSYNE\RDMs_Final\PH_VR_ripser\bootstrap_results\subj01\ROI-PH\cocycle_cluster1_match12686.csv,D:\Emily\NSD_cogsci_sandbox\COGS401\COSYNE\RDMs_Final\PH_VR_ripser\bootstrap_results\subj01\ROI-PH\vr_edges_cluster1_eps5.28721.csv,2,10.29743778805597,21.151387215660645
1,PIT,1,6.342402318642603,11.812879468592422,9687,6.252585411071777,11.754518508911133,0.0898169075708255,0.545628069659206,True,9.003551959991455,D:\Emily\NSD_cogsci_sandbox\COGS401\COSYNE\RDMs_Final\PH_VR_ripser\bootstrap_results\subj01\ROI-PIT\cocycle_cluster1_match9687.csv,D:\Emily\NSD_cogsci_sandbox\COGS401\COSYNE\RDMs_Final\PH_VR_ripser\bootstrap_results\subj01\ROI-PIT\vr_edges_cluster1_eps9.00355.csv,2,14.05800385873182,27.281403482960297
1,STSva,3,1.4498237606784077,3.4339964746109235,7862,1.4731049537658691,3.392118215560913,0.041878259050010413,0.21201466860386994,True,2.432611584663391,D:\Emily\NSD_cogsci_sandbox\COGS401\COSYNE\RDMs_Final\PH_VR_ripser\bootstrap_results\subj01\ROI-STSva\cocycle_cluster3_match7862.csv,D:\Emily\NSD_cogsci_sandbox\COGS401\COSYNE\RDMs_Final\PH_VR_ripser\bootstrap_results\subj01\ROI-STSva\vr_edges_cluster3_eps2.43261.csv,2,4.448569179581238,10.600733430193497
1,STSva,2,1.2604655527727402,3.344260002736636,7876,1.2835801839828491,3.371049165725708,0.02678916298907197,0.21201466860386994,True,2.3273146748542786,D:\Emily\NSD_cogsci_sandbox\COGS401\COSYNE\RDMs_Final\PH_VR_ripser\bootstrap_results\subj01\ROI-STSva\cocycle_cluster2_match7876.csv,D:\Emily\NSD_cogsci_sandbox\COGS401\COSYNE\RDMs_Final\PH_VR_ripser\bootstrap_results\subj01\ROI-STSva\vr_edges_cluster2_eps2.32731.csv,2,4.448569179581238,10.600733430193497
1,V1,1,4.705137945487923,7.413622565412631,7291,4.720887660980225,7.4059014320373535,0.01574971549230142,0.310953243990871,True,6.063394546508789,D:\Emily\NSD_cogsci_sandbox\COGS401\COSYNE\RDMs_Final\PH_VR_ripser\bootstrap_results\subj01\ROI-V1\cocycle_cluster1_match7291.csv,D:\Emily\NSD_cogsci_sandbox\COGS401\COSYNE\RDMs_Final\PH_VR_ripser\bootstrap_results\subj01\ROI-V1\vr_edges_cluster1_eps6.06339.csv,2,8.910184175776077,15.547662199543549
1,V2,0,3.763266179749374,6.466490826316256,5502,3.7659189701080322,6.45323371887207,0.013257107444185401,0.2646190297803607,True,5.109576344490051,D:\Emily\NSD_cogsci_sandbox\COGS401\COSYNE\RDMs_Final\PH_VR_ripser\bootstrap_results\subj01\ROI-V2\cocycle_cluster0_match5502.csv,D:\Emily\NSD_cogsci_sandbox\COGS401\COSYNE\RDMs_Final\PH_VR_ripser\bootstrap_results\subj01\ROI-V2\vr_edges_cluster0_eps5.10958.csv,2,7.747732878731323,13.230951489018036
1,V2,1,4.011986616359038,6.465046365401324,5497,3.983410120010376,6.490847587585449,0.028576496348661884,0.2646190297803607,True,5.237128853797913,D:\Emily\NSD_cogsci_sandbox\COGS401\COSYNE\RDMs_Final\PH_VR_ripser\bootstrap_results\subj01\ROI-V2\cocycle_cluster1_match5497.csv,D:\Emily\NSD_cogsci_sandbox\COGS401\COSYNE\RDMs_Final\PH_VR_ripser\bootstrap_results\subj01\ROI-V2\vr_edges_cluster1_eps5.23713.csv,2,7.747732878731323,13.230951489018036
1,V3,3,5.653941555892494,9.110192104574825,4356,5.619398593902588,9.044984817504883,0.06520728706994205,0.3457830047807422,True,7.332191705703735,D:\Emily\NSD_cogsci_sandbox\COGS401\COSYNE\RDMs_Final\PH_VR_ripser\bootstrap_results\subj01\ROI-V3\cocycle_cluster3_match4356.csv,D:\Emily\NSD_cogsci_sandbox\COGS401\COSYNE\RDMs_Final\PH_VR_ripser\bootstrap_results\subj01\ROI-V3\vr_edges_cluster3_eps7.33219.csv,2,10.593066335724426,17.28915023903711
1,V3,2,5.374650519956309,8.858081187785972,4363,5.328554630279541,8.828898429870605,0.04609588967676803,0.3457830047807422,True,7.078726530075073,D:\Emily\NSD_cogsci_sandbox\COGS401\COSYNE\RDMs_Final\PH_VR_ripser\bootstrap_results\subj01\ROI-V3\cocycle_cluster2_match4363.csv,D:\Emily\NSD_cogsci_sandbox\COGS401\COSYNE\RDMs_Final\PH_VR_ripser\bootstrap_results\subj01\ROI-V3\vr_edges_cluster2_eps7.07873.csv,2,10.593066335724426,17.28915023903711
1,V4,2,5.502349191349045,10.492685375908607,7871,5.475625038146973,10.595624923706055,0.10293954779744752,0.43340385766837264,True,8.035624980926514,D:\Emily\NSD_cogsci_sandbox\COGS401\COSYNE\RDMs_Final\PH_VR_ripser\bootstrap_results\subj01\ROI-V4\cocycle_cluster2_match7871.csv,D:\Emily\NSD_cogsci_sandbox\COGS401\COSYNE\RDMs_Final\PH_VR_ripser\bootstrap_results\subj01\ROI-V4\vr_edges_cluster2_eps8.03562.csv,2,12.55044174294336,21.670192883418633
1,V4,1,5.053862647657041,10.384181252232304,7876,5.03978157043457,10.413594245910645,0.02941299367834027,0.43340385766837264,True,7.726687908172607,D:\Emily\NSD_cogsci_sandbox\COGS401\COSYNE\RDMs_Final\PH_VR_ripser\bootstrap_results\subj01\ROI-V4\cocycle_cluster1_match7876.csv,D:\Emily\NSD_cogsci_sandbox\COGS401\COSYNE\RDMs_Final\PH_VR_ripser\bootstrap_results\subj01\ROI-V4\vr_edges_cluster1_eps7.72669.csv,2,12.55044174294336,21.670192883418633
2,LO2,7,11.044906037313895,17.440421034160412,1626,10.879267692565918,17.655132293701172,0.21471125954075987,0.7330586575171677,True,14.267199993133545,D:\Emily\NSD_cogsci_sandbox\COGS401\COSYNE\RDMs_Final\PH_VR_ripser\bootstrap_results\subj02\ROI-LO2\cocycle_cluster7_match1626.csv,D:\Emily\NSD_cogsci_sandbox\COGS401\COSYNE\RDMs_Final\PH_VR_ripser\bootstrap_results\subj02\ROI-LO2\vr_edges_cluster7_eps14.2672.csv,2,19.22662389378412,36.65293287585838
2,LO2,6,10.430040334178283,17.232582843409176,1628,10.299878120422363,17.1303653717041,0.13016221375591996,0.7330586575171677,True,13.715121746063232,D:\Emily\NSD_cogsci_sandbox\COGS401\COSYNE\RDMs_Final\PH_VR_ripser\bootstrap_results\subj02\ROI-LO2\cocycle_cluster6_match1628.csv,D:\Emily\NSD_cogsci_sandbox\COGS401\COSYNE\RDMs_Final\PH_VR_ripser\bootstrap_results\subj02\ROI-LO2\vr_edges_cluster6_eps13.7151.csv,2,19.22662389378412,36.65293287585838
2,MT,2,3.936273393489546,9.168623455500198,9671,3.9499034881591797,9.160994529724121,0.013630094669633497,0.3768801972470012,True,6.55544900894165,D:\Emily\NSD_cogsci_sandbox\COGS401\COSYNE\RDMs_Final\PH_VR_ripser\bootstrap_results\subj02\ROI-MT\cocycle_cluster2_match9671.csv,D:\Emily\NSD_cogsci_sandbox\COGS401\COSYNE\RDMs_Final\PH_VR_ripser\bootstrap_results\subj02\ROI-MT\vr_edges_cluster2_eps6.55545.csv,2,11.348162890480591,18.84400986235006
2,PH,0,2.3266274880232483,6.444052381762143,11570,2.3171045780181885,6.447482585906982,0.009522910005059781,0.3448905788562026,True,4.3822935819625854,D:\Emily\NSD_cogsci_sandbox\COGS401\COSYNE\RDMs_Final\PH_VR_ripser\bootstrap_results\subj02\ROI-PH\cocycle_cluster0_match11570.csv,D:\Emily\NSD_cogsci_sandbox\COGS401\COSYNE\RDMs_Final\PH_VR_ripser\bootstrap_results\subj02\ROI-PH\vr_edges_cluster0_eps4.38229.csv,2,8.809518867240978,17.24452894281013
2,PIT,5,7.841806386465049,11.04925891922181,1678,7.8658318519592285,11.03845500946045,0.024025465494179166,0.4709322452745166,True,9.452143430709839,D:\Emily\NSD_cogsci_sandbox\COGS401\COSYNE\RDMs_Final\PH_VR_ripser\bootstrap_results\subj02\ROI-PIT\cocycle_cluster5_match1678.csv,D:\Emily\NSD_cogsci_sandbox\COGS401\COSYNE\RDMs_Final\PH_VR_ripser\bootstrap_results\subj02\ROI-PIT\vr_edges_cluster5_eps9.45214.csv,2,12.84049242834909,23.54661226372583
2,STSva,2,2.696075073553591,4.823368268110314,5474,2.664292812347412,4.849390029907227,0.03178226120617911,0.2272661280832019,True,3.7568414211273193,D:\Emily\NSD_cogsci_sandbox\COGS401\COSYNE\RDMs_Final\PH_VR_ripser\bootstrap_results\subj02\ROI-STSva\cocycle_cluster2_match5474.csv,D:\Emily\NSD_cogsci_sandbox\COGS401\COSYNE\RDMs_Final\PH_VR_ripser\bootstrap_results\subj02\ROI-STSva\vr_edges_cluster2_eps3.75684.csv,2,5.795761049793793,11.363306404160095
2,STSva,0,2.215707214652391,4.507430043887338,5502,2.273496389389038,4.470192909240723,0.05778917473664702,0.2272661280832019,True,3.3718446493148804,D:\Emily\NSD_cogsci_sandbox\COGS401\COSYNE\RDMs_Final\PH_VR_ripser\bootstrap_results\subj02\ROI-STSva\cocycle_cluster0_match5502.csv,D:\Emily\NSD_cogsci_sandbox\COGS401\COSYNE\RDMs_Final\PH_VR_ripser\bootstrap_results\subj02\ROI-STSva\vr_edges_cluster0_eps3.37184.csv,2,5.795761049793793,11.363306404160095
2,STSva,3,2.1777706247861266,4.259068420285084,5507,2.1450066566467285,4.223269939422607,0.03579848086247672,0.2272661280832019,True,3.184138298034668,D:\Emily\NSD_cogsci_sandbox\COGS401\COSYNE\RDMs_Final\PH_VR_ripser\bootstrap_results\subj02\ROI-STSva\cocycle_cluster3_match5507.csv,D:\Emily\NSD_cogsci_sandbox\COGS401\COSYNE\RDMs_Final\PH_VR_ripser\bootstrap_results\subj02\ROI-STSva\vr_edges_cluster3_eps3.18414.csv,2,5.795761049793793,11.363306404160095
2,STSva,7,2.5470160297725517,4.581996005514394,5490,2.5555081367492676,4.593738555908203,0.011742550393809559,0.2272661280832019,True,3.5746233463287354,D:\Emily\NSD_cogsci_sandbox\COGS401\COSYNE\RDMs_Final\PH_VR_ripser\bootstrap_results\subj02\ROI-STSva\cocycle_cluster7_match5490.csv,D:\Emily\NSD_cogsci_sandbox\COGS401\COSYNE\RDMs_Final\PH_VR_ripser\bootstrap_results\subj02\ROI-STSva\vr_edges_cluster7_eps3.57462.csv,2,5.795761049793793,11.363306404160095
2,V2,0,5.351532939502171,7.039180043765477,466,5.4095964431762695,7.116719722747803,0.07753967898232617,0.2357072925767627,True,6.263158082962036,D:\Emily\NSD_cogsci_sandbox\COGS401\COSYNE\RDMs_Final\PH_VR_ripser\bootstrap_results\subj02\ROI-V2\cocycle_cluster0_match466.csv,D:\Emily\NSD_cogsci_sandbox\COGS401\COSYNE\RDMs_Final\PH_VR_ripser\bootstrap_results\subj02\ROI-V2\vr_edges_cluster0_eps6.26316.csv,2,7.720423066125942,11.785364628838135
2,V3,2,3.629720474811311,5.149026538825687,2918,3.566955327987671,5.1148858070373535,0.0627651468236401,0.19135929109666017,True,4.340920567512512,D:\Emily\NSD_cogsci_sandbox\COGS401\COSYNE\RDMs_Final\PH_VR_ripser\bootstrap_results\subj02\ROI-V3\cocycle_cluster2_match2918.csv,D:\Emily\NSD_cogsci_sandbox\COGS401\COSYNE\RDMs_Final\PH_VR_ripser\bootstrap_results\subj02\ROI-V3\vr_edges_cluster2_eps4.34092.csv,2,6.152104140328003,9.567964554833008
2,V3,5,3.7113957325617473,5.26338325659434,2897,3.702078342437744,5.223775863647461,0.03960739294687876,0.19135929109666017,True,4.4629271030426025,D:\Emily\NSD_cogsci_sandbox\COGS401\COSYNE\RDMs_Final\PH_VR_ripser\bootstrap_results\subj02\ROI-V3\cocycle_cluster5_match2897.csv,D:\Emily\NSD_cogsci_sandbox\COGS401\COSYNE\RDMs_Final\PH_VR_ripser\bootstrap_results\subj02\ROI-V3\vr_edges_cluster5_eps4.46293.csv,2,6.152104140328003,9.567964554833008
2,V4,1,2.6796951420234447,4.935968924869886,5184,2.6365392208099365,4.892444610595703,0.04352431427418324,0.25710176648709443,True,3.76449191570282,D:\Emily\NSD_cogsci_sandbox\COGS401\COSYNE\RDMs_Final\PH_VR_ripser\bootstrap_results\subj02\ROI-V4\cocycle_cluster1_match5184.csv,D:\Emily\NSD_cogsci_sandbox\COGS401\COSYNE\RDMs_Final\PH_VR_ripser\bootstrap_results\subj02\ROI-V4\vr_edges_cluster1_eps3.76449.csv,2,6.119970561073853,12.855088324354721
2,V4,2,2.407882008541788,4.688738114677756,5200,2.434532880783081,4.686578750610352,0.026650872241293033,0.25710176648709443,True,3.5605558156967163,D:\Emily\NSD_cogsci_sandbox\COGS401\COSYNE\RDMs_Final\PH_VR_ripser\bootstrap_results\subj02\ROI-V4\cocycle_cluster2_match5200.csv,D:\Emily\NSD_cogsci_sandbox\COGS401\COSYNE\RDMs_Final\PH_VR_ripser\bootstrap_results\subj02\ROI-V4\vr_edges_cluster2_eps3.56056.csv,2,6.119970561073853,12.855088324354721
3,LO2,3,5.701418265543486,11.71808574827094,8048,5.620146751403809,11.758439064025879,0.08127151413967759,0.5417275249785509,True,8.689292907714844,D:\Emily\NSD_cogsci_sandbox\COGS401\COSYNE\RDMs_Final\PH_VR_ripser\bootstrap_results\subj03\ROI-LO2\cocycle_cluster3_match8048.csv,D:\Emily\NSD_cogsci_sandbox\COGS401\COSYNE\RDMs_Final\PH_VR_ripser\bootstrap_results\subj03\ROI-LO2\vr_edges_cluster3_eps8.68929.csv,2,14.254049449296428,27.086376248927547
3,MT,4,3.167237749887169,7.327554247794895,8683,3.2139599323272705,7.328598976135254,0.04672218244010162,0.355927848835918,True,5.271279454231262,D:\Emily\NSD_cogsci_sandbox\COGS401\COSYNE\RDMs_Final\PH_VR_ripser\bootstrap_results\subj03\ROI-MT\cocycle_cluster4_match8683.csv,D:\Emily\NSD_cogsci_sandbox\COGS401\COSYNE\RDMs_Final\PH_VR_ripser\bootstrap_results\subj03\ROI-MT\vr_edges_cluster4_eps5.27128.csv,2,8.99550473790033,17.7963924417959
3,PH,0,2.5569051072832245,7.736086696633806,10102,2.569629192352295,7.669544696807861,0.06654199982594466,0.4311165625708875,True,5.119586944580078,D:\Emily\NSD_cogsci_sandbox\COGS401\COSYNE\RDMs_Final\PH_VR_ripser\bootstrap_results\subj03\ROI-PH\cocycle_cluster0_match10102.csv,D:\Emily\NSD_cogsci_sandbox\COGS401\COSYNE\RDMs_Final\PH_VR_ripser\bootstrap_results\subj03\ROI-PH\vr_edges_cluster0_eps5.11959.csv,2,9.882006977287812,21.555828128544373
3,PIT,0,4.407888747848753,9.71979305954642,16299,4.436594486236572,9.693026542663574,0.02870573838781887,0.5552015566280809,True,7.064810514450073,D:\Emily\NSD_cogsci_sandbox\COGS401\COSYNE\RDMs_Final\PH_VR_ripser\bootstrap_results\subj03\ROI-PIT\cocycle_cluster0_match16299.csv,D:\Emily\NSD_cogsci_sandbox\COGS401\COSYNE\RDMs_Final\PH_VR_ripser\bootstrap_results\subj03\ROI-PIT\vr_edges_cluster0_eps7.06481.csv,2,11.652023733662201,27.760077831404043
3,STSva,1,3.2864678596195422,6.376978281297181,7893,3.247474431991577,6.363771915435791,0.038993427627965094,0.2877840781411853,True,4.805623173713684,D:\Emily\NSD_cogsci_sandbox\COGS401\COSYNE\RDMs_Final\PH_VR_ripser\bootstrap_results\subj03\ROI-STSva\cocycle_cluster1_match7893.csv,D:\Emily\NSD_cogsci_sandbox\COGS401\COSYNE\RDMs_Final\PH_VR_ripser\bootstrap_results\subj03\ROI-STSva\vr_edges_cluster1_eps4.80562.csv,2,7.836782456444336,14.389203907059265
3,STSva,0,2.8470080293730424,6.260645923653992,7901,2.8393256664276123,6.290998935699463,0.03035301204547114,0.2877840781411853,True,4.565162301063538,D:\Emily\NSD_cogsci_sandbox\COGS401\COSYNE\RDMs_Final\PH_VR_ripser\bootstrap_results\subj03\ROI-STSva\cocycle_cluster0_match7901.csv,D:\Emily\NSD_cogsci_sandbox\COGS401\COSYNE\RDMs_Final\PH_VR_ripser\bootstrap_results\subj03\ROI-STSva\vr_edges_cluster0_eps4.56516.csv,2,7.836782456444336,14.389203907059265
3,STSva,2,3.0977769293725737,6.198969971589528,7896,3.075737953186035,6.271665096282959,0.07269512469343109,0.2877840781411853,True,4.673701524734497,D:\Emily\NSD_cogsci_sandbox\COGS401\COSYNE\RDMs_Final\PH_VR_ripser\bootstrap_results\subj03\ROI-STSva\cocycle_cluster2_match7896.csv,D:\Emily\NSD_cogsci_sandbox\COGS401\COSYNE\RDMs_Final\PH_VR_ripser\bootstrap_results\subj03\ROI-STSva\vr_edges_cluster2_eps4.6737.csv,2,7.836782456444336,14.389203907059265
3,V1,2,1.655275468422039,4.707646838502388,9702,1.602970004081726,4.648231029510498,0.05941580899188992,0.2613515705070224,True,3.125600516796112,D:\Emily\NSD_cogsci_sandbox\COGS401\COSYNE\RDMs_Final\PH_VR_ripser\bootstrap_results\subj03\ROI-V1\cocycle_cluster2_match9702.csv,D:\Emily\NSD_cogsci_sandbox\COGS401\COSYNE\RDMs_Final\PH_VR_ripser\bootstrap_results\subj03\ROI-V1\vr_edges_cluster2_eps3.1256.csv,2,6.216538519667221,13.06757852535112
3,V2,4,2.579381191146352,4.567689987362621,3507,2.624830961227417,4.592111587524414,0.04544977008106521,0.2305032950839725,True,3.6084712743759155,D:\Emily\NSD_cogsci_sandbox\COGS401\COSYNE\RDMs_Final\PH_VR_ripser\bootstrap_results\subj03\ROI-V2\cocycle_cluster4_match3507.csv,D:\Emily\NSD_cogsci_sandbox\COGS401\COSYNE\RDMs_Final\PH_VR_ripser\bootstrap_results\subj03\ROI-V2\vr_edges_cluster4_eps3.60847.csv,2,5.83051660756929,11.525164754198624
3,V3,1,2.344569225859616,5.176764452202075,9094,2.377328395843506,5.178398132324219,0.03275916998389006,0.31117053123328353,True,3.7778632640838623,D:\Emily\NSD_cogsci_sandbox\COGS401\COSYNE\RDMs_Final\PH_VR_ripser\bootstrap_results\subj03\ROI-V3\cocycle_cluster1_match9094.csv,D:\Emily\NSD_cogsci_sandbox\COGS401\COSYNE\RDMs_Final\PH_VR_ripser\bootstrap_results\subj03\ROI-V3\vr_edges_cluster1_eps3.77786.csv,2,6.805717618273331,15.558526561664177
3,V4,2,3.1220889590660077,7.944239194071326,11016,3.207570791244507,7.920803546905518,0.08548183217849914,0.4247706020078388,True,5.564187169075012,D:\Emily\NSD_cogsci_sandbox\COGS401\COSYNE\RDMs_Final\PH_VR_ripser\bootstrap_results\subj03\ROI-V4\cocycle_cluster2_match11016.csv,D:\Emily\NSD_cogsci_sandbox\COGS401\COSYNE\RDMs_Final\PH_VR_ripser\bootstrap_results\subj03\ROI-V4\vr_edges_cluster2_eps5.56419.csv,2,10.079366088913513,21.238530100391937
3,V4,1,2.491949789936888,7.618175115686423,11025,2.4619181156158447,7.661441326141357,0.043266210454934395,0.4247706020078388,True,5.061679720878601,D:\Emily\NSD_cogsci_sandbox\COGS401\COSYNE\RDMs_Final\PH_VR_ripser\bootstrap_results\subj03\ROI-V4\cocycle_cluster1_match11025.csv,D:\Emily\NSD_cogsci_sandbox\COGS401\COSYNE\RDMs_Final\PH_VR_ripser\bootstrap_results\subj03\ROI-V4\vr_edges_cluster1_eps5.06168.csv,2,10.079366088913513,21.238530100391937
4,LO2,7,8.887595895974032,15.198046107464526,8075,9.022100448608398,15.21195125579834,0.13450455263436645,0.601834523697826,True,12.11702585220337,D:\Emily\NSD_cogsci_sandbox\COGS401\COSYNE\RDMs_Final\PH_VR_ripser\bootstrap_results\subj04\ROI-LO2\cocycle_cluster7_match8075.csv,D:\Emily\NSD_cogsci_sandbox\COGS401\COSYNE\RDMs_Final\PH_VR_ripser\bootstrap_results\subj04\ROI-LO2\vr_edges_cluster7_eps12.117.csv,2,18.110806823776795,30.091726184891296
4,LO2,5,9.612813904016903,15.958299028181786,8065,9.56505298614502,15.963293075561523,0.047760917871883635,0.601834523697826,True,12.764173030853271,D:\Emily\NSD_cogsci_sandbox\COGS401\COSYNE\RDMs_Final\PH_VR_ripser\bootstrap_results\subj04\ROI-LO2\cocycle_cluster5_match8065.csv,D:\Emily\NSD_cogsci_sandbox\COGS401\COSYNE\RDMs_Final\PH_VR_ripser\bootstrap_results\subj04\ROI-LO2\vr_edges_cluster5_eps12.7642.csv,2,18.110806823776795,30.091726184891296
4,MT,0,5.237345633495502,13.763031842297131,8007,5.3039703369140625,13.738506317138672,0.06662470341856075,0.6798865270814625,True,9.521238327026367,D:\Emily\NSD_cogsci_sandbox\COGS401\COSYNE\RDMs_Final\PH_VR_ripser\bootstrap_results\subj04\ROI-MT\cocycle_cluster0_match8007.csv,D:\Emily\NSD_cogsci_sandbox\COGS401\COSYNE\RDMs_Final\PH_VR_ripser\bootstrap_results\subj04\ROI-MT\vr_edges_cluster0_eps9.52124.csv,2,16.84331488709314,33.994326354073124
4,MT,3,5.961055520261161,13.9885248929492,7999,6.088391304016113,14.092399597167969,0.12733578375495203,0.6798865270814625,True,10.090395450592041,D:\Emily\NSD_cogsci_sandbox\COGS401\COSYNE\RDMs_Final\PH_VR_ripser\bootstrap_results\subj04\ROI-MT\cocycle_cluster3_match7999.csv,D:\Emily\NSD_cogsci_sandbox\COGS401\COSYNE\RDMs_Final\PH_VR_ripser\bootstrap_results\subj04\ROI-MT\vr_edges_cluster3_eps10.0904.csv,2,16.84331488709314,33.994326354073124
4,MT,1,6.650621319169048,14.630014313982862,7990,6.739141464233398,14.74097728729248,0.11096297330961846,0.6798865270814625,True,10.74005937576294,D:\Emily\NSD_cogsci_sandbox\COGS401\COSYNE\RDMs_Final\PH_VR_ripser\bootstrap_results\subj04\ROI-MT\cocycle_cluster1_match7990.csv,D:\Emily\NSD_cogsci_sandbox\COGS401\COSYNE\RDMs_Final\PH_VR_ripser\bootstrap_results\subj04\ROI-MT\vr_edges_cluster1_eps10.7401.csv,2,16.84331488709314,33.994326354073124
4,PH,5,6.133690857887268,14.277678508343904,9683,6.144035816192627,14.293606758117676,0.015928249773772052,0.5587365949353901,True,10.218821287155151,D:\Emily\NSD_cogsci_sandbox\COGS401\COSYNE\RDMs_Final\PH_VR_ripser\bootstrap_results\subj04\ROI-PH\cocycle_cluster5_match9683.csv,D:\Emily\NSD_cogsci_sandbox\COGS401\COSYNE\RDMs_Final\PH_VR_ripser\bootstrap_results\subj04\ROI-PH\vr_edges_cluster5_eps10.2188.csv,2,17.352438927696777,27.9368297467695
4,PH,0,6.574320022808646,14.430803231963829,9676,6.469071865081787,14.409463882446289,0.1052481577268587,0.5587365949353901,True,10.439267873764038,D:\Emily\NSD_cogsci_sandbox\COGS401\COSYNE\RDMs_Final\PH_VR_ripser\bootstrap_results\subj04\ROI-PH\cocycle_cluster0_match9676.csv,D:\Emily\NSD_cogsci_sandbox\COGS401\COSYNE\RDMs_Final\PH_VR_ripser\bootstrap_results\subj04\ROI-PH\vr_edges_cluster0_eps10.4393.csv,2,17.352438927696777,27.9368297467695
4,STSva,3,6.03886335006388,11.406331700362344,4276,6.067010879516602,11.47270393371582,0.06637223335347642,0.45069614084574844,True,8.769857406616211,D:\Emily\NSD_cogsci_sandbox\COGS401\COSYNE\RDMs_Final\PH_VR_ripser\bootstrap_results\subj04\ROI-STSva\cocycle_cluster3_match4276.csv,D:\Emily\NSD_cogsci_sandbox\COGS401\COSYNE\RDMs_Final\PH_VR_ripser\bootstrap_results\subj04\ROI-STSva\vr_edges_cluster3_eps8.76986.csv,2,13.801858977483345,22.534807042287422
4,V1,2,7.512710822371908,12.84761709869596,3472,7.573159694671631,12.75602912902832,0.09158796966763916,0.5799582547149387,True,10.164594411849976,D:\Emily\NSD_cogsci_sandbox\COGS401\COSYNE\RDMs_Final\PH_VR_ripser\bootstrap_results\subj04\ROI-V1\cocycle_cluster2_match3472.csv,D:\Emily\NSD_cogsci_sandbox\COGS401\COSYNE\RDMs_Final\PH_VR_ripser\bootstrap_results\subj04\ROI-V1\vr_edges_cluster2_eps10.1646.csv,2,15.04533076386316,28.997912735746933
4,V1,5,7.868513988998701,13.219335741966775,3468,7.7743330001831055,13.150564193725586,0.09418098881559533,0.5799582547149387,True,10.462448596954346,D:\Emily\NSD_cogsci_sandbox\COGS401\COSYNE\RDMs_Final\PH_VR_ripser\bootstrap_results\subj04\ROI-V1\cocycle_cluster5_match3468.csv,D:\Emily\NSD_cogsci_sandbox\COGS401\COSYNE\RDMs_Final\PH_VR_ripser\bootstrap_results\subj04\ROI-V1\vr_edges_cluster5_eps10.4624.csv,2,15.04533076386316,28.997912735746933
4,V2,1,5.518985309763852,10.884337915925896,4267,5.600137233734131,10.887763023376465,0.08115192397027915,0.4373268985948291,True,8.243950128555298,D:\Emily\NSD_cogsci_sandbox\COGS401\COSYNE\RDMs_Final\PH_VR_ripser\bootstrap_results\subj04\ROI-V2\cocycle_cluster1_match4267.csv,D:\Emily\NSD_cogsci_sandbox\COGS401\COSYNE\RDMs_Final\PH_VR_ripser\bootstrap_results\subj04\ROI-V2\vr_edges_cluster1_eps8.24395.csv,2,13.11075508694513,21.866344929741455
4,V3,0,6.1298925894365714,10.681602720587188,7467,6.162136077880859,10.65381145477295,0.03224348844428793,0.40168524475905565,True,8.407973766326904,D:\Emily\NSD_cogsci_sandbox\COGS401\COSYNE\RDMs_Final\PH_VR_ripser\bootstrap_results\subj04\ROI-V3\cocycle_cluster0_match7467.csv,D:\Emily\NSD_cogsci_sandbox\COGS401\COSYNE\RDMs_Final\PH_VR_ripser\bootstrap_results\subj04\ROI-V3\vr_edges_cluster0_eps8.40797.csv,2,12.771576539681984,20.08426223795278
4,V3,1,6.723644796908824,11.160071535376204,7455,6.712890625,11.091859817504883,0.0682117178713213,0.40168524475905565,True,8.902375221252441,D:\Emily\NSD_cogsci_sandbox\COGS401\COSYNE\RDMs_Final\PH_VR_ripser\bootstrap_results\subj04\ROI-V3\cocycle_cluster1_match7455.csv,D:\Emily\NSD_cogsci_sandbox\COGS401\COSYNE\RDMs_Final\PH_VR_ripser\bootstrap_results\subj04\ROI-V3\vr_edges_cluster1_eps8.90238.csv,2,12.771576539681984,20.08426223795278
4,V4,4,8.325391493822686,12.62713479089193,6222,8.373260498046875,12.589705467224121,0.04786900422418938,0.41953874828431276,True,10.481482982635498,D:\Emily\NSD_cogsci_sandbox\COGS401\COSYNE\RDMs_Final\PH_VR_ripser\bootstrap_results\subj04\ROI-V4\cocycle_cluster4_match6222.csv,D:\Emily\NSD_cogsci_sandbox\COGS401\COSYNE\RDMs_Final\PH_VR_ripser\bootstrap_results\subj04\ROI-V4\vr_edges_cluster4_eps10.4815.csv,2,14.465776802109314,20.976937414215637
5,LO2,2,4.006082364491054,10.50089167238592,11972,4.007701396942139,10.515301704406738,0.014410032020817809,0.5384897220334736,True,7.2615015506744385,D:\Emily\NSD_cogsci_sandbox\COGS401\COSYNE\RDMs_Final\PH_VR_ripser\bootstrap_results\subj05\ROI-LO2\cocycle_cluster2_match11972.csv,D:\Emily\NSD_cogsci_sandbox\COGS401\COSYNE\RDMs_Final\PH_VR_ripser\bootstrap_results\subj05\ROI-LO2\vr_edges_cluster2_eps7.2615.csv,2,13.026232183979584,26.924486101673676
5,LO2,0,3.0448000646527484,10.055462902796055,11977,3.0404820442199707,10.107866287231445,0.052403384435390166,0.5384897220334736,True,6.574174165725708,D:\Emily\NSD_cogsci_sandbox\COGS401\COSYNE\RDMs_Final\PH_VR_ripser\bootstrap_results\subj05\ROI-LO2\cocycle_cluster0_match11977.csv,D:\Emily\NSD_cogsci_sandbox\COGS401\COSYNE\RDMs_Final\PH_VR_ripser\bootstrap_results\subj05\ROI-LO2\vr_edges_cluster0_eps6.57417.csv,2,13.026232183979584,26.924486101673676
5,MT,2,3.715474187350664,11.355440182205664,10324,3.700914144515991,11.332507133483887,0.022933048721776927,0.6376542890271869,True,7.516710638999939,D:\Emily\NSD_cogsci_sandbox\COGS401\COSYNE\RDMs_Final\PH_VR_ripser\bootstrap_results\subj05\ROI-MT\cocycle_cluster2_match10324.csv,D:\Emily\NSD_cogsci_sandbox\COGS401\COSYNE\RDMs_Final\PH_VR_ripser\bootstrap_results\subj05\ROI-MT\vr_edges_cluster2_eps7.51671.csv,2,14.396942378090454,31.882714451359345
5,MT,1,2.947031726007876,11.077766260139557,10330,2.9146881103515625,10.990636825561523,0.08712943457803313,0.6376542890271869,True,6.952662467956543,D:\Emily\NSD_cogsci_sandbox\COGS401\COSYNE\RDMs_Final\PH_VR_ripser\bootstrap_results\subj05\ROI-MT\cocycle_cluster1_match10330.csv,D:\Emily\NSD_cogsci_sandbox\COGS401\COSYNE\RDMs_Final\PH_VR_ripser\bootstrap_results\subj05\ROI-MT\vr_edges_cluster1_eps6.95266.csv,2,14.396942378090454,31.882714451359345
5,PH,0,2.247072690439016,8.629214239606343,18486,2.314558744430542,8.665054321289062,0.06748605399152607,0.499856082221004,True,5.489806532859802,D:\Emily\NSD_cogsci_sandbox\COGS401\COSYNE\RDMs_Final\PH_VR_ripser\bootstrap_results\subj05\ROI-PH\cocycle_cluster0_match18486.csv,D:\Emily\NSD_cogsci_sandbox\COGS401\COSYNE\RDMs_Final\PH_VR_ripser\bootstrap_results\subj05\ROI-PH\vr_edges_cluster0_eps5.48981.csv,2,11.14514446358545,24.9928041110502
5,PH,4,1.447625728753897,8.396846780186522,18497,1.505171298980713,8.408407211303711,0.057545570226815945,0.499856082221004,True,4.956789255142212,D:\Emily\NSD_cogsci_sandbox\COGS401\COSYNE\RDMs_Final\PH_VR_ripser\bootstrap_results\subj05\ROI-PH\cocycle_cluster4_match18497.csv,D:\Emily\NSD_cogsci_sandbox\COGS401\COSYNE\RDMs_Final\PH_VR_ripser\bootstrap_results\subj05\ROI-PH\vr_edges_cluster4_eps4.95679.csv,2,11.14514446358545,24.9928041110502
5,PH,6,2.0459229904491307,8.86664934866293,18492,2.1154017448425293,8.95118522644043,0.08453587777749938,0.499856082221004,True,5.5332934856414795,D:\Emily\NSD_cogsci_sandbox\COGS401\COSYNE\RDMs_Final\PH_VR_ripser\bootstrap_results\subj05\ROI-PH\cocycle_cluster6_match18492.csv,D:\Emily\NSD_cogsci_sandbox\COGS401\COSYNE\RDMs_Final\PH_VR_ripser\bootstrap_results\subj05\ROI-PH\vr_edges_cluster6_eps5.53329.csv,2,11.14514446358545,24.9928041110502
5,PIT,1,2.2424299303045125,7.678433818623499,17396,2.1107540130615234,7.693679332733154,0.1316759172429891,0.5070690441331592,True,4.902216672897339,D:\Emily\NSD_cogsci_sandbox\COGS401\COSYNE\RDMs_Final\PH_VR_ripser\bootstrap_results\subj05\ROI-PIT\cocycle_cluster1_match17396.csv,D:\Emily\NSD_cogsci_sandbox\COGS401\COSYNE\RDMs_Final\PH_VR_ripser\bootstrap_results\subj05\ROI-PIT\vr_edges_cluster1_eps4.90222.csv,2,9.853890896843506,25.35345220665796
5,PIT,2,2.8749143812978875,8.096839344422198,17372,2.840934991836548,8.189492225646973,0.09265288122477422,0.5070690441331592,True,5.51521360874176,D:\Emily\NSD_cogsci_sandbox\COGS401\COSYNE\RDMs_Final\PH_VR_ripser\bootstrap_results\subj05\ROI-PIT\cocycle_cluster2_match17372.csv,D:\Emily\NSD_cogsci_sandbox\COGS401\COSYNE\RDMs_Final\PH_VR_ripser\bootstrap_results\subj05\ROI-PIT\vr_edges_cluster2_eps5.51521.csv,2,9.853890896843506,25.35345220665796
5,STSva,9,2.7893434208415675,6.621505843563664,7527,2.871260643005371,6.590323448181152,0.0819172221638036,0.36936187746140625,True,4.730792045593262,D:\Emily\NSD_cogsci_sandbox\COGS401\COSYNE\RDMs_Final\PH_VR_ripser\bootstrap_results\subj05\ROI-STSva\cocycle_cluster9_match7527.csv,D:\Emily\NSD_cogsci_sandbox\COGS401\COSYNE\RDMs_Final\PH_VR_ripser\bootstrap_results\subj05\ROI-STSva\vr_edges_cluster9_eps4.73079.csv,2,8.288325906799866,18.468093873070313
5,STSva,0,3.031878944679543,6.864907052781847,7521,3.076653242111206,6.8741230964660645,0.04477429743166317,0.36936187746140625,True,4.975388169288635,D:\Emily\NSD_cogsci_sandbox\COGS401\COSYNE\RDMs_Final\PH_VR_ripser\bootstrap_results\subj05\ROI-STSva\cocycle_cluster0_match7521.csv,D:\Emily\NSD_cogsci_sandbox\COGS401\COSYNE\RDMs_Final\PH_VR_ripser\bootstrap_results\subj05\ROI-STSva\vr_edges_cluster0_eps4.97539.csv,2,8.288325906799866,18.468093873070313
5,V1,1,3.89018826026701,10.616022039941477,7441,3.940396308898926,10.636481285095215,0.05020804863191586,0.5312742093405453,True,7.28843879699707,D:\Emily\NSD_cogsci_sandbox\COGS401\COSYNE\RDMs_Final\PH_VR_ripser\bootstrap_results\subj05\ROI-V1\cocycle_cluster1_match7441.csv,D:\Emily\NSD_cogsci_sandbox\COGS401\COSYNE\RDMs_Final\PH_VR_ripser\bootstrap_results\subj05\ROI-V1\vr_edges_cluster1_eps7.28844.csv,2,13.37098814647062,26.56371046702726
5,V1,9,4.542633792535582,10.635989203381897,7436,4.576233863830566,10.684178352355957,0.04818914897406046,0.5312742093405453,True,7.630206108093262,D:\Emily\NSD_cogsci_sandbox\COGS401\COSYNE\RDMs_Final\PH_VR_ripser\bootstrap_results\subj05\ROI-V1\cocycle_cluster9_match7436.csv,D:\Emily\NSD_cogsci_sandbox\COGS401\COSYNE\RDMs_Final\PH_VR_ripser\bootstrap_results\subj05\ROI-V1\vr_edges_cluster9_eps7.63021.csv,2,13.37098814647062,26.56371046702726
5,V2,1,2.6794949736860065,5.9881607252690525,6589,2.724187135696411,5.921019554138184,0.06714117113086893,0.30331234576317934,True,4.322603344917297,D:\Emily\NSD_cogsci_sandbox\COGS401\COSYNE\RDMs_Final\PH_VR_ripser\bootstrap_results\subj05\ROI-V2\cocycle_cluster1_match6589.csv,D:\Emily\NSD_cogsci_sandbox\COGS401\COSYNE\RDMs_Final\PH_VR_ripser\bootstrap_results\subj05\ROI-V2\vr_edges_cluster1_eps4.3226.csv,2,7.721623004482819,15.165617288158966
5,V2,6,2.288062526787235,6.021102752966729,6597,2.3250646591186523,5.999818801879883,0.03700213233141714,0.30331234576317934,True,4.162441730499268,D:\Emily\NSD_cogsci_sandbox\COGS401\COSYNE\RDMs_Final\PH_VR_ripser\bootstrap_results\subj05\ROI-V2\cocycle_cluster6_match6597.csv,D:\Emily\NSD_cogsci_sandbox\COGS401\COSYNE\RDMs_Final\PH_VR_ripser\bootstrap_results\subj05\ROI-V2\vr_edges_cluster6_eps4.16244.csv,2,7.721623004482819,15.165617288158966
5,V2,2,2.905832103208492,6.152283494409762,6577,2.9560647010803223,6.127626419067383,0.0502325978718301,0.30331234576317934,True,4.5418455600738525,D:\Emily\NSD_cogsci_sandbox\COGS401\COSYNE\RDMs_Final\PH_VR_ripser\bootstrap_results\subj05\ROI-V2\cocycle_cluster2_match6577.csv,D:\Emily\NSD_cogsci_sandbox\COGS401\COSYNE\RDMs_Final\PH_VR_ripser\bootstrap_results\subj05\ROI-V2\vr_edges_cluster2_eps4.54185.csv,2,7.721623004482819,15.165617288158966
5,V3,1,3.3738251898662157,7.635587757754038,7068,3.3922274112701416,7.637032508850098,0.01840222140392589,0.37433748485657836,True,5.51462996006012,D:\Emily\NSD_cogsci_sandbox\COGS401\COSYNE\RDMs_Final\PH_VR_ripser\bootstrap_results\subj05\ROI-V3\cocycle_cluster1_match7068.csv,D:\Emily\NSD_cogsci_sandbox\COGS401\COSYNE\RDMs_Final\PH_VR_ripser\bootstrap_results\subj05\ROI-V3\vr_edges_cluster1_eps5.51463.csv,2,9.426772237824036,18.71687424282892
5,V3,0,3.0210710687246936,7.352690340715077,7076,3.0933361053466797,7.306367874145508,0.07226503662198613,0.37433748485657836,True,5.199851989746094,D:\Emily\NSD_cogsci_sandbox\COGS401\COSYNE\RDMs_Final\PH_VR_ripser\bootstrap_results\subj05\ROI-V3\cocycle_cluster0_match7076.csv,D:\Emily\NSD_cogsci_sandbox\COGS401\COSYNE\RDMs_Final\PH_VR_ripser\bootstrap_results\subj05\ROI-V3\vr_edges_cluster0_eps5.19985.csv,2,9.426772237824036,18.71687424282892
5,V4,2,4.136329743016764,9.928860409801224,12082,4.091561317443848,9.802627563476562,0.1262328463246618,0.5372572565278736,True,6.947094440460205,D:\Emily\NSD_cogsci_sandbox\COGS401\COSYNE\RDMs_Final\PH_VR_ripser\bootstrap_results\subj05\ROI-V4\cocycle_cluster2_match12082.csv,D:\Emily\NSD_cogsci_sandbox\COGS401\COSYNE\RDMs_Final\PH_VR_ripser\bootstrap_results\subj05\ROI-V4\vr_edges_cluster2_eps6.94709.csv,2,11.842426897095276,26.862862826393677
